{
    "packageName": "com.custom.powerbionprem",
    "packageLabel": "PowerBI OnPrem",
    "version": 1,
    "packageDescription": "PowerBI OnPrem",
    "deprecated": false,
    "requiredPackages": [
        "core"
    ],
    "classes": [
        {
            "name": "Report",
            "label": "Report",
            "externalLabel": "Report",
            "description": "Report",
            "isFirstClass": true,
            "isAbstract": false,
            "superClasses": [
                "core.IClass",
                "core.IClassTechnical"
            ],
            "deprecated": false,
            "indexType": "FULL",
            "appendOnly": false
        },
        {
            "name": "Section",
            "label": "Section",
            "externalLabel": "Section",
            "description": "Section",
            "isFirstClass": true,
            "isAbstract": false,
            "superClasses": [
                "core.IClass",
                "core.IClassTechnical"
            ],
            "deprecated": false,
            "indexType": "FULL",
            "appendOnly": false
        },
        {
            "name": "Visual",
            "label": "Visual",
            "externalLabel": "Visual",
            "description": "Visual",
            "isFirstClass": true,
            "isAbstract": false,
            "superClasses": [
                "core.IClass",
                "core.DataSet"
            ],
            "deprecated": false,
            "indexType": "FULL",
            "appendOnly": false
        },
        {
            "name": "Field",
            "label": "Field",
            "externalLabel": "Field",
            "description": "Field",
            "isFirstClass": true,
            "isAbstract": false,
            "superClasses": [
                "core.IClass",
                "core.DataElement"
            ],
            "deprecated": false,
            "indexType": "FULL",
            "appendOnly": false
        },
        {
            "name": "Dataset",
            "label": "Dataset",
            "externalLabel": "Dataset",
            "description": "Dataset",
            "isFirstClass": true,
            "isAbstract": false,
            "superClasses": [
                "core.IClass",
                "core.DataSet"
            ],
            "deprecated": false,
            "indexType": "FULL",
            "appendOnly": false
        }
    ],
    "attributes": [
        {
            "name": "VisualType",
            "label": "Visual Type",
            "description": "Visual Type",
            "dataType": "core.String",
            "custom": false,
            "data": false,
            "defaultValues": [],
            "deprecated": false,
            "derived": false,
            "isSystem": false,
            "multivalued": false,
            "searchConfiguration": {
                "fieldMappingTemplate": "TEXT",
                "attributeType": "SEARCHABLE",
                "aggregatable": true,
                "fuzzy": true,
                "sortable": true,
                "suggestable": true
            }
        },
        {
            "name": "VisualQuery",
            "label": "Visual Query",
            "description": "Visual Query",
            "dataType": "core.String",
            "custom": false,
            "data": false,
            "defaultValues": [],
            "deprecated": false,
            "derived": false,
            "isSystem": false,
            "multivalued": false,
            "searchConfiguration": {
                "fieldMappingTemplate": "TEXT",
                "attributeType": "VIEWABLE",
                "aggregatable": true,
                "fuzzy": true,
                "sortable": true,
                "suggestable": true
            }
        }
    ],
    "associations": [
        {
            "name": "ReportToSection",
            "label": "ReportToSection",
            "description": "ReportToSection",
            "fromClass": "com.custom.powerbionprem.Report",
            "fromLabel": "Report",
            "toClass": "com.custom.powerbionprem.Section",
            "toLabel": "Section",
            "associationKinds": [
                "core.IAssociation",
                "core.ParentChild"
            ],
            "deprecated": false,
            "unidirectional": false,
            "aggregate": false
        },
        {
            "name": "SectionToVisual",
            "label": "SectionToVisual",
            "description": "SectionToVisual",
            "fromClass": "com.custom.powerbionprem.Section",
            "fromLabel": "Section",
            "toClass": "com.custom.powerbionprem.Visual",
            "toLabel": "Visual",
            "associationKinds": [
                "core.IAssociation",
                "core.ParentChild"
            ],
            "deprecated": false,
            "unidirectional": false,
            "aggregate": false
        },
        {
            "name": "VisualToField",
            "label": "VisualToField",
            "description": "VisualToField",
            "fromClass": "com.custom.powerbionprem.Visual",
            "fromLabel": "Visual",
            "toClass": "com.custom.powerbionprem.Field",
            "toLabel": "Field",
            "associationKinds": [
                "core.IAssociation",
                "core.ParentChild"
            ],
            "deprecated": false,
            "unidirectional": false,
            "aggregate": false
        },
        {
            "name": "ReportToDataset",
            "label": "ReportToDataset",
            "description": "ReportToDataset",
            "fromClass": "com.custom.powerbionprem.Report",
            "fromLabel": "Report",
            "toClass": "com.custom.powerbionprem.Dataset",
            "toLabel": "Dataset",
            "associationKinds": [
                "core.IAssociation",
                "core.ParentChild"
            ],
            "deprecated": false,
            "unidirectional": false,
            "aggregate": false
        },
        {
            "name": "DatasetToField",
            "label": "DatasetToField",
            "description": "DatasetToField",
            "fromClass": "com.custom.powerbionprem.Dataset",
            "fromLabel": "Dataset",
            "toClass": "com.custom.powerbionprem.Field",
            "toLabel": "Field",
            "associationKinds": [
                "core.IAssociation",
                "core.ParentChild"
            ],
            "deprecated": false,
            "unidirectional": false,
            "aggregate": false
        }
    ],
    "classAttributes": [
        {
            "name": "VisualToVisualType",
            "className": "com.custom.powerbionprem.Visual",
            "attributeName": "com.custom.powerbionprem.VisualType",
            "isRequired": false,
            "isCuratable": false,
            "deprecated": false,
            "isHidden": false,
            "cdc": true
        },
        {
            "name": "VisualToVisualQuery",
            "className": "com.custom.powerbionprem.Visual",
            "attributeName": "com.custom.powerbionprem.VisualQuery",
            "isRequired": false,
            "isCuratable": false,
            "deprecated": false,
            "isHidden": false,
            "cdc": true
        }
    ]
}